video_id,title,views,tags,caption_available,subscriber_count,pub_month,pub_day,pub_hour_sin,pub_hour_cos,pub_weekday_sin,pub_weekday_cos,cat_20,duration_sec,popular,definition
67iFc973HhY,원 경 12 화 동생 이 죽어가는 와중 에도 사냥 나간 세자 철 없는 아들 을 보며 결국 뚜껑 열린 이방원 의 결단 갓 구 운 클립,462842,tvN|더글로리|드라마 원경|마인|방원|사극|사극 드라마|성스러운 아이돌|세작|원경|원경 12화|원경 이성민|원경11화|월화 드라마|이성민|이시아|이이담|이현욱|이현욱 신작|차주영|차주영 신작|치즈인더트랩|키마이라|티비엔|티비엔 원경|티빙에서스트리밍,0,5220000,2,11,-0.5000000000000004,0.8660254037844384,0.7818314824680298,0.6234898018587336,1,867,0,1
FTglSvJdWGM,빛 이 가리키는 길 비스트 이스트 대륙 EP 8 업데이트,226136,NoTag,0,394000,2,10,-0.9659258262890684,0.2588190451025203,0.0,1.0,1,211,0,1
cBOTQS9Xlr8,6년 만에 정상화 되는 사막 검 방패 마인크래프트 1 22 대자연 업데이트 체험 하기,387391,마인크래프트|마인크래프트 1.22|마인크래프트 크리킹|마인크래프트 공포|minecraft 1.22|minecraft ender update|마인크래프트 엔더 업데이트|마인크래프트 신규몹|마인크래프트 김만덕|마인크래프트 업데이트|업데이트|자연 업데이트|마인크래프트 계절|계절 업데이트,0,363000,2,7,-0.9659258262890684,-0.2588190451025206,-0.433883739117558,-0.9009688679024191,1,406,0,1
cBOTQS9Xlr8,6년 만에 정상화 되는 사막 검 방패 마인크래프트 1 22 대자연 업데이트 체험 하기,391028,마인크래프트|마인크래프트 1.22|마인크래프트 크리킹|마인크래프트 공포|minecraft 1.22|minecraft ender update|마인크래프트 엔더 업데이트|마인크래프트 신규몹|마인크래프트 김만덕|마인크래프트 업데이트|업데이트|자연 업데이트|마인크래프트 계절|계절 업데이트,0,363000,2,7,-0.9659258262890684,-0.2588190451025206,-0.433883739117558,-0.9009688679024191,1,406,0,1
cBOTQS9Xlr8,6년 만에 정상화 되는 사막 검 방패 마인크래프트 1 22 대자연 업데이트 체험 하기,391673,마인크래프트|마인크래프트 1.22|마인크래프트 크리킹|마인크래프트 공포|minecraft 1.22|minecraft ender update|마인크래프트 엔더 업데이트|마인크래프트 신규몹|마인크래프트 김만덕|마인크래프트 업데이트|업데이트|자연 업데이트|마인크래프트 계절|계절 업데이트,0,363000,2,7,-0.9659258262890684,-0.2588190451025206,-0.433883739117558,-0.9009688679024191,1,406,0,1
cBOTQS9Xlr8,6년 만에 정상화 되는 사막 검 방패 마인크래프트 1 22 대자연 업데이트 체험 하기,393775,마인크래프트|마인크래프트 1.22|마인크래프트 크리킹|마인크래프트 공포|minecraft 1.22|minecraft ender update|마인크래프트 엔더 업데이트|마인크래프트 신규몹|마인크래프트 김만덕|마인크래프트 업데이트|업데이트|자연 업데이트|마인크래프트 계절|계절 업데이트,0,363000,2,7,-0.9659258262890684,-0.2588190451025206,-0.433883739117558,-0.9009688679024191,1,406,0,1
1yIcdMatP-Q,마우스 안 쓰고 마인크래프트 클리어,468661,NoTag,0,483000,2,15,1.2246467991473532e-16,-1.0,-0.9749279121818236,-0.2225209339563146,1,1563,0,1
1yIcdMatP-Q,마우스 안 쓰고 마인크래프트 클리어,586162,NoTag,0,483000,2,15,1.2246467991473532e-16,-1.0,-0.9749279121818236,-0.2225209339563146,1,1563,1,1
1yIcdMatP-Q,마우스 안 쓰고 마인크래프트 클리어,665022,NoTag,0,483000,2,15,1.2246467991473532e-16,-1.0,-0.9749279121818236,-0.2225209339563146,1,1563,1,1
hmCaiqvxKlI,야 좀 절 어 봐 안 들키게 삼 대오 컨텐츠 리그 오브 레전드,240130,#t1|#wolf|#울프|#롤|#리그오브레전드|#서포터|#이재완|#아자방,0,65000,2,17,-0.8660254037844385,-0.5000000000000004,0.0,1.0,1,1490,0,1
1yIcdMatP-Q,마우스 안 쓰고 마인크래프트 클리어,717496,NoTag,0,483000,2,15,1.2246467991473532e-16,-1.0,-0.9749279121818236,-0.2225209339563146,1,1563,1,1
hmCaiqvxKlI,야 좀 절 어 봐 안 들키게 삼 대오 컨텐츠 리그 오브 레전드,274901,#t1|#wolf|#울프|#롤|#리그오브레전드|#서포터|#이재완|#아자방,0,65000,2,17,-0.8660254037844385,-0.5000000000000004,0.0,1.0,1,1490,0,1
1yIcdMatP-Q,마우스 안 쓰고 마인크래프트 클리어,750839,NoTag,0,483000,2,15,1.2246467991473532e-16,-1.0,-0.9749279121818236,-0.2225209339563146,1,1563,1,1
hmCaiqvxKlI,야 좀 절 어 봐 안 들키게 삼 대오 컨텐츠 리그 오브 레전드,296473,#t1|#wolf|#울프|#롤|#리그오브레전드|#서포터|#이재완|#아자방,0,65000,2,17,-0.8660254037844385,-0.5000000000000004,0.0,1.0,1,1490,0,1
1yIcdMatP-Q,마우스 안 쓰고 마인크래프트 클리어,771006,NoTag,0,483000,2,15,1.2246467991473532e-16,-1.0,-0.9749279121818236,-0.2225209339563146,1,1563,1,1
hmCaiqvxKlI,야 좀 절 어 봐 안 들키게 삼 대오 컨텐츠 리그 오브 레전드,314805,#t1|#wolf|#울프|#롤|#리그오브레전드|#서포터|#이재완|#아자방,0,65000,2,17,-0.8660254037844385,-0.5000000000000004,0.0,1.0,1,1490,0,1
1yIcdMatP-Q,마우스 안 쓰고 마인크래프트 클리어,786696,NoTag,0,483000,2,15,1.2246467991473532e-16,-1.0,-0.9749279121818236,-0.2225209339563146,1,1563,1,1
C44fToCLDu8,브롤 토크 역대 최고 의 브 롤러 브롤 스타즈,156029,브롤스타즈|슈퍼셀|브롤|brawlstars|supercell|yt:cc=on,1,622000,2,23,0.2588190451025207,0.9659258262890684,-0.7818314824680299,0.6234898018587334,1,609,0,1
mKl_Hwlq6Nk,14년 만에 정상화 되는 스폰알 마인크래프트 1 22 편의 성 업데이트 체험 하기,252808,마인크래프트|마인크래프트 1.22|마인크래프트 크리킹|마인크래프트 공포|minecraft 1.22|minecraft ender update|마인크래프트 엔더 업데이트|마인크래프트 신규몹|마인크래프트 김만덕|마인크래프트 업데이트|업데이트|자연 업데이트|마인크래프트 계절|계절 업데이트|스폰알 업데이트|생성 알 업데이트,0,363000,2,21,-0.8660254037844385,-0.5000000000000004,-0.433883739117558,-0.9009688679024191,1,387,0,1
hmCaiqvxKlI,야 좀 절 어 봐 안 들키게 삼 대오 컨텐츠 리그 오브 레전드,331982,#t1|#wolf|#울프|#롤|#리그오브레전드|#서포터|#이재완|#아자방,0,65000,2,17,-0.8660254037844385,-0.5000000000000004,0.0,1.0,1,1490,0,1
C44fToCLDu8,브롤 토크 역대 최고 의 브 롤러 브롤 스타즈,196746,브롤스타즈|슈퍼셀|브롤|brawlstars|supercell|yt:cc=on,1,622000,2,23,0.2588190451025207,0.9659258262890684,-0.7818314824680299,0.6234898018587334,1,609,0,1
mKl_Hwlq6Nk,14년 만에 정상화 되는 스폰알 마인크래프트 1 22 편의 성 업데이트 체험 하기,270961,마인크래프트|마인크래프트 1.22|마인크래프트 크리킹|마인크래프트 공포|minecraft 1.22|minecraft ender update|마인크래프트 엔더 업데이트|마인크래프트 신규몹|마인크래프트 김만덕|마인크래프트 업데이트|업데이트|자연 업데이트|마인크래프트 계절|계절 업데이트|스폰알 업데이트|생성 알 업데이트,0,363000,2,21,-0.8660254037844385,-0.5000000000000004,-0.433883739117558,-0.9009688679024191,1,387,0,1
C44fToCLDu8,브롤 토크 역대 최고 의 브 롤러 브롤 스타즈,253657,브롤스타즈|슈퍼셀|브롤|brawlstars|supercell|yt:cc=on,1,622000,2,23,0.2588190451025207,0.9659258262890684,-0.7818314824680299,0.6234898018587334,1,609,0,1
mKl_Hwlq6Nk,14년 만에 정상화 되는 스폰알 마인크래프트 1 22 편의 성 업데이트 체험 하기,281731,마인크래프트|마인크래프트 1.22|마인크래프트 크리킹|마인크래프트 공포|minecraft 1.22|minecraft ender update|마인크래프트 엔더 업데이트|마인크래프트 신규몹|마인크래프트 김만덕|마인크래프트 업데이트|업데이트|자연 업데이트|마인크래프트 계절|계절 업데이트|스폰알 업데이트|생성 알 업데이트,0,363000,2,21,-0.8660254037844385,-0.5000000000000004,-0.433883739117558,-0.9009688679024191,1,387,0,1
mKl_Hwlq6Nk,14년 만에 정상화 되는 스폰알 마인크래프트 1 22 편의 성 업데이트 체험 하기,289918,마인크래프트|마인크래프트 1.22|마인크래프트 크리킹|마인크래프트 공포|minecraft 1.22|minecraft ender update|마인크래프트 엔더 업데이트|마인크래프트 신규몹|마인크래프트 김만덕|마인크래프트 업데이트|업데이트|자연 업데이트|마인크래프트 계절|계절 업데이트|스폰알 업데이트|생성 알 업데이트,0,363000,2,21,-0.8660254037844385,-0.5000000000000004,-0.433883739117558,-0.9009688679024191,1,387,0,1
F--XZqBjhFc,공식 Pok mon Presents 2025 2 27,150327,NoTag,0,253000,2,27,-0.2588190451025215,0.965925826289068,0.4338837391175582,-0.900968867902419,1,1156,0,1
8YSTbg9MGT8,공식 Pok mon LEGENDS Z A 2 nd Trailer,129221,NoTag,0,253000,2,27,-0.2588190451025215,0.965925826289068,0.4338837391175582,-0.900968867902419,1,302,0,1
F--XZqBjhFc,공식 Pok mon Presents 2025 2 27,166742,NoTag,0,253000,2,27,-0.2588190451025215,0.965925826289068,0.4338837391175582,-0.900968867902419,1,1156,0,1
8YSTbg9MGT8,공식 Pok mon LEGENDS Z A 2 nd Trailer,159889,NoTag,0,253000,2,27,-0.2588190451025215,0.965925826289068,0.4338837391175582,-0.900968867902419,1,302,0,1
xe0XALegbxg,신작 좋은 커피 위대한 커피 출시 바로 다운 받아 봤습니다,485507,혜안,0,2820000,3,1,-0.9659258262890684,0.2588190451025203,-0.9749279121818236,-0.2225209339563146,1,2084,0,1
F--XZqBjhFc,공식 Pok mon Presents 2025 2 27,173249,NoTag,0,253000,2,27,-0.2588190451025215,0.965925826289068,0.4338837391175582,-0.900968867902419,1,1156,0,1
8YSTbg9MGT8,공식 Pok mon LEGENDS Z A 2 nd Trailer,176210,NoTag,0,253000,2,27,-0.2588190451025215,0.965925826289068,0.4338837391175582,-0.900968867902419,1,302,0,1
xe0XALegbxg,신작 좋은 커피 위대한 커피 출시 바로 다운 받아 봤습니다,657835,혜안,0,2820000,3,1,-0.9659258262890684,0.2588190451025203,-0.9749279121818236,-0.2225209339563146,1,2084,1,1
8YSTbg9MGT8,공식 Pok mon LEGENDS Z A 2 nd Trailer,174549,NoTag,0,253000,2,27,-0.2588190451025215,0.965925826289068,0.4338837391175582,-0.900968867902419,1,302,0,1
xe0XALegbxg,신작 좋은 커피 위대한 커피 출시 바로 다운 받아 봤습니다,745120,혜안,0,2820000,3,1,-0.9659258262890684,0.2588190451025203,-0.9749279121818236,-0.2225209339563146,1,2084,1,1
xdagIrJFZgc,눕프핵 사상 최고 고 점 을 또 뚫었습니다 마인크래프트 눕 프로 해커,506644,우왁굳|우왕굳|왁두|종합게임|리그오브레전드|스팀게임|쿠소게임|인디게임|배틀그라운드|배그|vr|마인크래프트|마크|vrchat|vr챗|노가리|Minecraft|noop|pro|hacker|noobprohacker|고정멤버|고멤|고멤아카데미|아카데미|유치원|고멤유치원,1,1640000,3,3,1.2246467991473532e-16,-1.0,0.0,1.0,1,1030,1,1
xe0XALegbxg,신작 좋은 커피 위대한 커피 출시 바로 다운 받아 봤습니다,798503,혜안,0,2820000,3,1,-0.9659258262890684,0.2588190451025203,-0.9749279121818236,-0.2225209339563146,1,2084,1,1
xdagIrJFZgc,눕프핵 사상 최고 고 점 을 또 뚫었습니다 마인크래프트 눕 프로 해커,569137,우왁굳|우왕굳|왁두|종합게임|리그오브레전드|스팀게임|쿠소게임|인디게임|배틀그라운드|배그|vr|마인크래프트|마크|vrchat|vr챗|노가리|Minecraft|noop|pro|hacker|noobprohacker|고정멤버|고멤|고멤아카데미|아카데미|유치원|고멤유치원,1,1640000,3,3,1.2246467991473532e-16,-1.0,0.0,1.0,1,1030,1,1
xe0XALegbxg,신작 좋은 커피 위대한 커피 출시 바로 다운 받아 봤습니다,835016,혜안,0,2820000,3,1,-0.9659258262890684,0.2588190451025203,-0.9749279121818236,-0.2225209339563146,1,2084,1,1
xdagIrJFZgc,눕프핵 사상 최고 고 점 을 또 뚫었습니다 마인크래프트 눕 프로 해커,597500,우왁굳|우왕굳|왁두|종합게임|리그오브레전드|스팀게임|쿠소게임|인디게임|배틀그라운드|배그|vr|마인크래프트|마크|vrchat|vr챗|노가리|Minecraft|noop|pro|hacker|noobprohacker|고정멤버|고멤|고멤아카데미|아카데미|유치원|고멤유치원,1,1640000,3,3,1.2246467991473532e-16,-1.0,0.0,1.0,1,1030,1,1
xe0XALegbxg,신작 좋은 커피 위대한 커피 출시 바로 다운 받아 봤습니다,863868,혜안,0,2820000,3,1,-0.9659258262890684,0.2588190451025203,-0.9749279121818236,-0.2225209339563146,1,2084,1,1
JXR81wlgJXo,포탈 이 20억 개 추가 된 야생 에서 살아남기,269692,마인크래프트|야생인 김만덕|김만덕 야생|minecraft|minecraft bedrock|마인크래프트 만우절|만우절 포탈|20w14infinite|극한 야생|만우절,0,66900,3,8,-0.8660254037844385,-0.5000000000000004,-0.9749279121818236,-0.2225209339563146,1,1170,0,1
JXR81wlgJXo,포탈 이 20억 개 추가 된 야생 에서 살아남기,298108,마인크래프트|야생인 김만덕|김만덕 야생|minecraft|minecraft bedrock|마인크래프트 만우절|만우절 포탈|20w14infinite|극한 야생|만우절,0,66900,3,8,-0.8660254037844385,-0.5000000000000004,-0.9749279121818236,-0.2225209339563146,1,1170,0,1
MgahhFOahYA,운명 을 꿈꾸는 신부,114486,NoTag,0,394000,3,10,-0.9659258262890684,0.2588190451025203,0.0,1.0,1,185,0,1
MgahhFOahYA,운명 을 꿈꾸는 신부,150556,NoTag,0,394000,3,10,-0.9659258262890684,0.2588190451025203,0.0,1.0,1,185,0,1
JXR81wlgJXo,포탈 이 20억 개 추가 된 야생 에서 살아남기,311598,마인크래프트|야생인 김만덕|김만덕 야생|minecraft|minecraft bedrock|마인크래프트 만우절|만우절 포탈|20w14infinite|극한 야생|만우절,0,66900,3,8,-0.8660254037844385,-0.5000000000000004,-0.9749279121818236,-0.2225209339563146,1,1170,0,1
JXR81wlgJXo,포탈 이 20억 개 추가 된 야생 에서 살아남기,322737,마인크래프트|야생인 김만덕|김만덕 야생|minecraft|minecraft bedrock|마인크래프트 만우절|만우절 포탈|20w14infinite|극한 야생|만우절,0,66900,3,8,-0.8660254037844385,-0.5000000000000004,-0.9749279121818236,-0.2225209339563146,1,1170,0,1
JXR81wlgJXo,포탈 이 20억 개 추가 된 야생 에서 살아남기,332875,마인크래프트|야생인 김만덕|김만덕 야생|minecraft|minecraft bedrock|마인크래프트 만우절|만우절 포탈|20w14infinite|극한 야생|만우절,0,66900,3,8,-0.8660254037844385,-0.5000000000000004,-0.9749279121818236,-0.2225209339563146,1,1170,0,1
JXR81wlgJXo,포탈 이 20억 개 추가 된 야생 에서 살아남기,354084,마인크래프트|야생인 김만덕|김만덕 야생|minecraft|minecraft bedrock|마인크래프트 만우절|만우절 포탈|20w14infinite|극한 야생|만우절,0,66900,3,8,-0.8660254037844385,-0.5000000000000004,-0.9749279121818236,-0.2225209339563146,1,1170,0,1
Do6fD5tJmZQ,하드코어 에서 모든 색깔 공장 만들기,150013,마인크래프트|하드코어|생존|마크|minecraft|야생|마크 야생|마크 생존|마크 하드코어,0,199000,3,17,-0.5000000000000004,0.8660254037844384,0.0,1.0,1,1683,0,1
Rs9rKCWCle4,오버 워치 2 X 르 세라핌 게임 플레이 트레일러,86575,오버워치|블리자드|옵치|블쟈|영웅|FPS|슈팅게임|총게임|팀게임|피씨방|블리자드엔터테인먼트|오버워치2|옵치2|패치노트|둠피|에코|워크샵|겐지|한조|사회적 거리두기|voice actor|overwatch|kpop|안장혁|안효민|권혁수|임채헌|이호산|김혜성|김연우|조현정|둠피스트|파라|솜브라|루시우|윈스턴|라인하르트|젠야타|성우|하이퍼 fps|overwatchkr|빠른 대전|아케이드|경쟁전|게임 탐색기|체험 모드|최고의 플레이|맥크리|리퍼|트레이서|D.Va|디바|레킹볼|로드호그|오리사|자리야|메이|바스티온|위도우메이커|정크랫|토르비욘|모이라|브리기테|메르시|시메트라|아나|APEX|LoL|PUBG|FIFA|OWL|학살|류제홍|부산|부산맵|시네마틱|서울다이너스티|마스터|이태준|발로란트|롤챔스|피파|서든|배그|오버워치 2,0,405000,3,18,1.2246467991473532e-16,-1.0,0.7818314824680298,0.6234898018587336,1,57,0,1
_QXI2UFOjYs,좀비 고 11 주년 요정 들 의 가든 파티 티저,65293,좀비고|어썸피스,0,220000,3,19,-0.9659258262890684,-0.2588190451025206,0.9749279121818236,-0.2225209339563143,1,77,0,1
Do6fD5tJmZQ,하드코어 에서 모든 색깔 공장 만들기,178727,마인크래프트|하드코어|생존|마크|minecraft|야생|마크 야생|마크 생존|마크 하드코어,0,199000,3,17,-0.5000000000000004,0.8660254037844384,0.0,1.0,1,1683,0,1
_QXI2UFOjYs,좀비 고 11 주년 요정 들 의 가든 파티 티저,77832,좀비고|어썸피스,0,220000,3,19,-0.9659258262890684,-0.2588190451025206,0.9749279121818236,-0.2225209339563143,1,77,0,1
Do6fD5tJmZQ,하드코어 에서 모든 색깔 공장 만들기,196189,마인크래프트|하드코어|생존|마크|minecraft|야생|마크 야생|마크 생존|마크 하드코어,0,199000,3,17,-0.5000000000000004,0.8660254037844384,0.0,1.0,1,1683,0,1
_QXI2UFOjYs,좀비 고 11 주년 요정 들 의 가든 파티 티저,88359,좀비고|어썸피스,0,220000,3,19,-0.9659258262890684,-0.2588190451025206,0.9749279121818236,-0.2225209339563143,1,77,0,1
Do6fD5tJmZQ,하드코어 에서 모든 색깔 공장 만들기,220031,마인크래프트|하드코어|생존|마크|minecraft|야생|마크 야생|마크 생존|마크 하드코어,0,199000,3,17,-0.5000000000000004,0.8660254037844384,0.0,1.0,1,1683,0,1
Do6fD5tJmZQ,하드코어 에서 모든 색깔 공장 만들기,236404,마인크래프트|하드코어|생존|마크|minecraft|야생|마크 야생|마크 생존|마크 하드코어,0,199000,3,17,-0.5000000000000004,0.8660254037844384,0.0,1.0,1,1683,0,1
VtB-6sv_C7w,어그 로 아니고 진짜 갑니다,669362,김재원|김재원 군대|김재원 입대,0,1860000,3,23,-0.4999999999999997,-0.8660254037844388,-0.7818314824680299,0.6234898018587334,1,491,1,1
0zuk3_fBcGQ,HLE OFFICIAL 3,148713,NoTag,0,225000,3,24,-0.9659258262890684,-0.2588190451025206,0.0,1.0,1,82,0,1
PkXXgn2tDG8,몬스터헌터 와 일 즈 쇼케이스 2025 3 25,110023,#MHWilds|#몬스터헌터|#MonsterHunter|#와일즈,0,26600,3,25,-0.5000000000000004,0.8660254037844384,0.7818314824680298,0.6234898018587336,1,793,0,1
VtB-6sv_C7w,어그 로 아니고 진짜 갑니다,716901,김재원|김재원 군대|김재원 입대,0,1860000,3,23,-0.4999999999999997,-0.8660254037844388,-0.7818314824680299,0.6234898018587334,1,491,1,1
PkXXgn2tDG8,몬스터헌터 와 일 즈 쇼케이스 2025 3 25,164969,#MHWilds|#몬스터헌터|#MonsterHunter|#와일즈,0,26600,3,25,-0.5000000000000004,0.8660254037844384,0.7818314824680298,0.6234898018587336,1,793,0,1
VtB-6sv_C7w,어그 로 아니고 진짜 갑니다,748251,김재원|김재원 군대|김재원 입대,0,1860000,3,23,-0.4999999999999997,-0.8660254037844388,-0.7818314824680299,0.6234898018587334,1,491,1,1
83yhxQeY-TQ,THE HOTTEST BRAWLER EVER Official Music Video,4412985,brawl stars|mobile game|mobile strategy game|mobile rpg|mobile battle royale|battle royale|supercell game|new brawler|lumi|draco|brawl music|brawl animation|dragonforce,1,23000000,3,27,-0.8660254037844385,-0.5000000000000004,0.4338837391175582,-0.900968867902419,1,83,1,1
VtB-6sv_C7w,어그 로 아니고 진짜 갑니다,771306,김재원|김재원 군대|김재원 입대,0,1860000,3,23,-0.4999999999999997,-0.8660254037844388,-0.7818314824680299,0.6234898018587334,1,491,1,1
83yhxQeY-TQ,THE HOTTEST BRAWLER EVER Official Music Video,5706222,brawl stars|mobile game|mobile strategy game|mobile rpg|mobile battle royale|battle royale|supercell game|new brawler|lumi|draco|brawl music|brawl animation|dragonforce,1,23000000,3,27,-0.8660254037844385,-0.5000000000000004,0.4338837391175582,-0.900968867902419,1,83,1,1
VtB-6sv_C7w,어그 로 아니고 진짜 갑니다,792052,김재원|김재원 군대|김재원 입대,0,1860000,3,23,-0.4999999999999997,-0.8660254037844388,-0.7818314824680299,0.6234898018587334,1,491,1,1
83yhxQeY-TQ,THE HOTTEST BRAWLER EVER Official Music Video,6560298,brawl stars|mobile game|mobile strategy game|mobile rpg|mobile battle royale|battle royale|supercell game|new brawler|lumi|draco|brawl music|brawl animation|dragonforce,1,23000000,3,27,-0.8660254037844385,-0.5000000000000004,0.4338837391175582,-0.900968867902419,1,83,1,1
aVWq74jqrz4,귀멸 의 칼날 세계 에서 혈 귀로 100일 동안 살아남기 하드코어 100일 생존,259098,마인크래프트|마크|마인크래프트 100일 생존|마크 100일 생존|수박머리 셔니|셔니|마인크래프트 생존기|귀멸의 칼날|귀멸의 칼날 무한성|귀칼|귀칼 무한성|마인크래프트 귀칼 모드|마인크래프트 귀멸의 칼날 모드,1,126000,3,29,1.2246467991473532e-16,-1.0,-0.9749279121818236,-0.2225209339563146,1,1193,0,1
aVWq74jqrz4,귀멸 의 칼날 세계 에서 혈 귀로 100일 동안 살아남기 하드코어 100일 생존,285350,마인크래프트|마크|마인크래프트 100일 생존|마크 100일 생존|수박머리 셔니|셔니|마인크래프트 생존기|귀멸의 칼날|귀멸의 칼날 무한성|귀칼|귀칼 무한성|마인크래프트 귀칼 모드|마인크래프트 귀멸의 칼날 모드,1,126000,3,29,1.2246467991473532e-16,-1.0,-0.9749279121818236,-0.2225209339563146,1,1193,0,1
PwT9y3O97R0,하드코어 에서 블록 10만 개로 주민 마을 그 린리 모델링 해주기,102369,마인크래프트|노가다|마인크래프트 건축|건축|마인크래프트 노가다|마인크레프트|건축 노가다|휘용|휘용 건축|마크 휘용|minecraft|minecraft bulid|creative|하드코어|마인크래프트 하드코어|minecraft hardcore|리모델링|주민 리모델링|나무집|마인크래프트 나무 집|마인크래프트 중세 집,0,535000,3,31,-0.5000000000000004,0.8660254037844384,0.0,1.0,1,1161,0,1
aVWq74jqrz4,귀멸 의 칼날 세계 에서 혈 귀로 100일 동안 살아남기 하드코어 100일 생존,306754,마인크래프트|마크|마인크래프트 100일 생존|마크 100일 생존|수박머리 셔니|셔니|마인크래프트 생존기|귀멸의 칼날|귀멸의 칼날 무한성|귀칼|귀칼 무한성|마인크래프트 귀칼 모드|마인크래프트 귀멸의 칼날 모드,1,126000,3,29,1.2246467991473532e-16,-1.0,-0.9749279121818236,-0.2225209339563146,1,1193,0,1
PwT9y3O97R0,하드코어 에서 블록 10만 개로 주민 마을 그 린리 모델링 해주기,119846,마인크래프트|노가다|마인크래프트 건축|건축|마인크래프트 노가다|마인크레프트|건축 노가다|휘용|휘용 건축|마크 휘용|minecraft|minecraft bulid|creative|하드코어|마인크래프트 하드코어|minecraft hardcore|리모델링|주민 리모델링|나무집|마인크래프트 나무 집|마인크래프트 중세 집,0,535000,3,31,-0.5000000000000004,0.8660254037844384,0.0,1.0,1,1161,0,1
aVWq74jqrz4,귀멸 의 칼날 세계 에서 혈 귀로 100일 동안 살아남기 하드코어 100일 생존,322289,마인크래프트|마크|마인크래프트 100일 생존|마크 100일 생존|수박머리 셔니|셔니|마인크래프트 생존기|귀멸의 칼날|귀멸의 칼날 무한성|귀칼|귀칼 무한성|마인크래프트 귀칼 모드|마인크래프트 귀멸의 칼날 모드,1,126000,3,29,1.2246467991473532e-16,-1.0,-0.9749279121818236,-0.2225209339563146,1,1193,0,1
l68LJtWsAC8,내 불꽃 은 아무 도 막 을 수 없어,139871,NoTag,0,394000,4,3,-0.9659258262890684,0.2588190451025203,0.4338837391175582,-0.900968867902419,1,42,0,1
5-ZR6Fi2Orc,WHICH SIDE ARE YOU ON Brawl Stars Animation,3444068,brawl stars|mobile game|mobile strategy game|mobile rpg|mobile battle royale|battle royale|supercell game|new season|heroes|villains|brawl animation|brawl stars animation|brawl new season|supercell make|bibi,1,23000000,4,3,-1.0,-1.8369701987210287e-16,0.4338837391175582,-0.900968867902419,1,111,1,1
PwT9y3O97R0,하드코어 에서 블록 10만 개로 주민 마을 그 린리 모델링 해주기,130408,마인크래프트|노가다|마인크래프트 건축|건축|마인크래프트 노가다|마인크레프트|건축 노가다|휘용|휘용 건축|마크 휘용|minecraft|minecraft bulid|creative|하드코어|마인크래프트 하드코어|minecraft hardcore|리모델링|주민 리모델링|나무집|마인크래프트 나무 집|마인크래프트 중세 집,0,535000,3,31,-0.5000000000000004,0.8660254037844384,0.0,1.0,1,1161,0,1
aVWq74jqrz4,귀멸 의 칼날 세계 에서 혈 귀로 100일 동안 살아남기 하드코어 100일 생존,337763,마인크래프트|마크|마인크래프트 100일 생존|마크 100일 생존|수박머리 셔니|셔니|마인크래프트 생존기|귀멸의 칼날|귀멸의 칼날 무한성|귀칼|귀칼 무한성|마인크래프트 귀칼 모드|마인크래프트 귀멸의 칼날 모드,1,126000,3,29,1.2246467991473532e-16,-1.0,-0.9749279121818236,-0.2225209339563146,1,1193,0,1
7hnlrjv5CWY,보고 도 안 믿 겼습니다 한국 을 100 그대로 옮긴 미친 게임 인조 이,778126,혜안,0,2820000,4,4,-0.9659258262890684,0.2588190451025203,-0.433883739117558,-0.9009688679024191,1,1481,1,1
l68LJtWsAC8,내 불꽃 은 아무 도 막 을 수 없어,175440,NoTag,0,394000,4,3,-0.9659258262890684,0.2588190451025203,0.4338837391175582,-0.900968867902419,1,42,0,1
5-ZR6Fi2Orc,WHICH SIDE ARE YOU ON Brawl Stars Animation,4448691,brawl stars|mobile game|mobile strategy game|mobile rpg|mobile battle royale|battle royale|supercell game|new season|heroes|villains|brawl animation|brawl stars animation|brawl new season|supercell make|bibi,1,23000000,4,3,-1.0,-1.8369701987210287e-16,0.4338837391175582,-0.900968867902419,1,111,1,1
PwT9y3O97R0,하드코어 에서 블록 10만 개로 주민 마을 그 린리 모델링 해주기,140374,마인크래프트|노가다|마인크래프트 건축|건축|마인크래프트 노가다|마인크레프트|건축 노가다|휘용|휘용 건축|마크 휘용|minecraft|minecraft bulid|creative|하드코어|마인크래프트 하드코어|minecraft hardcore|리모델링|주민 리모델링|나무집|마인크래프트 나무 집|마인크래프트 중세 집,0,535000,3,31,-0.5000000000000004,0.8660254037844384,0.0,1.0,1,1161,0,1
aVWq74jqrz4,귀멸 의 칼날 세계 에서 혈 귀로 100일 동안 살아남기 하드코어 100일 생존,365689,마인크래프트|마크|마인크래프트 100일 생존|마크 100일 생존|수박머리 셔니|셔니|마인크래프트 생존기|귀멸의 칼날|귀멸의 칼날 무한성|귀칼|귀칼 무한성|마인크래프트 귀칼 모드|마인크래프트 귀멸의 칼날 모드,1,126000,3,29,1.2246467991473532e-16,-1.0,-0.9749279121818236,-0.2225209339563146,1,1193,0,1
7hnlrjv5CWY,보고 도 안 믿 겼습니다 한국 을 100 그대로 옮긴 미친 게임 인조 이,1193557,혜안,0,2820000,4,4,-0.9659258262890684,0.2588190451025203,-0.433883739117558,-0.9009688679024191,1,1481,1,1
OEZxYu658WU,하드코어 에서 마인크래프트 를 빛 낸 추억 의 맵 재현 하기,253032,마인크래프트|하드코어|생존|마크|minecraft|야생|마크 야생|마크 생존|마크 하드코어,0,199000,4,3,-0.9659258262890684,0.2588190451025203,0.4338837391175582,-0.900968867902419,1,1135,0,1
l68LJtWsAC8,내 불꽃 은 아무 도 막 을 수 없어,196127,NoTag,0,394000,4,3,-0.9659258262890684,0.2588190451025203,0.4338837391175582,-0.900968867902419,1,42,0,1
5-ZR6Fi2Orc,WHICH SIDE ARE YOU ON Brawl Stars Animation,5069997,brawl stars|mobile game|mobile strategy game|mobile rpg|mobile battle royale|battle royale|supercell game|new season|heroes|villains|brawl animation|brawl stars animation|brawl new season|supercell make|bibi,1,23000000,4,3,-1.0,-1.8369701987210287e-16,0.4338837391175582,-0.900968867902419,1,111,1,1
PwT9y3O97R0,하드코어 에서 블록 10만 개로 주민 마을 그 린리 모델링 해주기,147923,마인크래프트|노가다|마인크래프트 건축|건축|마인크래프트 노가다|마인크레프트|건축 노가다|휘용|휘용 건축|마크 휘용|minecraft|minecraft bulid|creative|하드코어|마인크래프트 하드코어|minecraft hardcore|리모델링|주민 리모델링|나무집|마인크래프트 나무 집|마인크래프트 중세 집,0,535000,3,31,-0.5000000000000004,0.8660254037844384,0.0,1.0,1,1161,0,1
aVWq74jqrz4,귀멸 의 칼날 세계 에서 혈 귀로 100일 동안 살아남기 하드코어 100일 생존,388613,마인크래프트|마크|마인크래프트 100일 생존|마크 100일 생존|수박머리 셔니|셔니|마인크래프트 생존기|귀멸의 칼날|귀멸의 칼날 무한성|귀칼|귀칼 무한성|마인크래프트 귀칼 모드|마인크래프트 귀멸의 칼날 모드,1,126000,3,29,1.2246467991473532e-16,-1.0,-0.9749279121818236,-0.2225209339563146,1,1193,0,1
xTBC89MwWlM,거대 샌드웜 이 사는 사막 에서 하드코어 로 100일 생존 하기,283906,마인크래프트|마크|100일,0,213000,4,6,1.2246467991473532e-16,-1.0,-0.7818314824680299,0.6234898018587334,1,1384,0,1
pvEiDJ58bSo,물 밖에 없는 마인크래프트 생존 기,365055,마인크래프트|플래그|마크|PVP,0,103000,4,5,-0.2588190451025208,-0.9659258262890684,-0.9749279121818236,-0.2225209339563146,1,1352,0,1
7hnlrjv5CWY,보고 도 안 믿 겼습니다 한국 을 100 그대로 옮긴 미친 게임 인조 이,1548427,혜안,0,2820000,4,4,-0.9659258262890684,0.2588190451025203,-0.433883739117558,-0.9009688679024191,1,1481,1,1
OEZxYu658WU,하드코어 에서 마인크래프트 를 빛 낸 추억 의 맵 재현 하기,268179,마인크래프트|하드코어|생존|마크|minecraft|야생|마크 야생|마크 생존|마크 하드코어,0,199000,4,3,-0.9659258262890684,0.2588190451025203,0.4338837391175582,-0.900968867902419,1,1135,0,1
l68LJtWsAC8,내 불꽃 은 아무 도 막 을 수 없어,206663,NoTag,0,394000,4,3,-0.9659258262890684,0.2588190451025203,0.4338837391175582,-0.900968867902419,1,42,0,1
xTBC89MwWlM,거대 샌드웜 이 사는 사막 에서 하드코어 로 100일 생존 하기,350889,마인크래프트|마크|100일,0,213000,4,6,1.2246467991473532e-16,-1.0,-0.7818314824680299,0.6234898018587334,1,1384,0,1
pvEiDJ58bSo,물 밖에 없는 마인크래프트 생존 기,397695,마인크래프트|플래그|마크|PVP,0,103000,4,5,-0.2588190451025208,-0.9659258262890684,-0.9749279121818236,-0.2225209339563146,1,1352,0,1
7hnlrjv5CWY,보고 도 안 믿 겼습니다 한국 을 100 그대로 옮긴 미친 게임 인조 이,1700995,혜안,0,2820000,4,4,-0.9659258262890684,0.2588190451025203,-0.433883739117558,-0.9009688679024191,1,1481,1,1
OEZxYu658WU,하드코어 에서 마인크래프트 를 빛 낸 추억 의 맵 재현 하기,277859,마인크래프트|하드코어|생존|마크|minecraft|야생|마크 야생|마크 생존|마크 하드코어,0,199000,4,3,-0.9659258262890684,0.2588190451025203,0.4338837391175582,-0.900968867902419,1,1135,0,1
xTBC89MwWlM,거대 샌드웜 이 사는 사막 에서 하드코어 로 100일 생존 하기,390232,마인크래프트|마크|100일,0,213000,4,6,1.2246467991473532e-16,-1.0,-0.7818314824680299,0.6234898018587334,1,1384,0,1
pvEiDJ58bSo,물 밖에 없는 마인크래프트 생존 기,420031,마인크래프트|플래그|마크|PVP,0,103000,4,5,-0.2588190451025208,-0.9659258262890684,-0.9749279121818236,-0.2225209339563146,1,1352,0,1
7hnlrjv5CWY,보고 도 안 믿 겼습니다 한국 을 100 그대로 옮긴 미친 게임 인조 이,1794675,혜안,0,2820000,4,4,-0.9659258262890684,0.2588190451025203,-0.433883739117558,-0.9009688679024191,1,1481,1,1
xTBC89MwWlM,거대 샌드웜 이 사는 사막 에서 하드코어 로 100일 생존 하기,416163,마인크래프트|마크|100일,0,213000,4,6,1.2246467991473532e-16,-1.0,-0.7818314824680299,0.6234898018587334,1,1384,0,1
pvEiDJ58bSo,물 밖에 없는 마인크래프트 생존 기,435386,마인크래프트|플래그|마크|PVP,0,103000,4,5,-0.2588190451025208,-0.9659258262890684,-0.9749279121818236,-0.2225209339563146,1,1352,0,1
7hnlrjv5CWY,보고 도 안 믿 겼습니다 한국 을 100 그대로 옮긴 미친 게임 인조 이,1853610,혜안,0,2820000,4,4,-0.9659258262890684,0.2588190451025203,-0.433883739117558,-0.9009688679024191,1,1481,1,1
xTBC89MwWlM,거대 샌드웜 이 사는 사막 에서 하드코어 로 100일 생존 하기,436355,마인크래프트|마크|100일,0,213000,4,6,1.2246467991473532e-16,-1.0,-0.7818314824680299,0.6234898018587334,1,1384,0,1
_vF0dniPZXY,키 보드 없이 마인크래프트 깨기 단축키 설정 X,228732,NoTag,0,136000,4,9,-0.9659258262890684,-0.2588190451025206,0.9749279121818236,-0.2225209339563143,1,1263,0,1
xTBC89MwWlM,거대 샌드웜 이 사는 사막 에서 하드코어 로 100일 생존 하기,477478,마인크래프트|마크|100일,0,213000,4,6,1.2246467991473532e-16,-1.0,-0.7818314824680299,0.6234898018587334,1,1384,0,1
_vF0dniPZXY,키 보드 없이 마인크래프트 깨기 단축키 설정 X,263026,NoTag,0,136000,4,9,-0.9659258262890684,-0.2588190451025206,0.9749279121818236,-0.2225209339563143,1,1263,0,1
_vF0dniPZXY,키 보드 없이 마인크래프트 깨기 단축키 설정 X,279097,NoTag,0,136000,4,9,-0.9659258262890684,-0.2588190451025206,0.9749279121818236,-0.2225209339563143,1,1263,0,1
w6vCF0DbBsE,OUR FIRST EVER P 2 W COMMUNITY EVENT,7503147,brawl stars|mobile game|mobile strategy game|mobile rpg|mobile battle royale|battle royale|supercell game|revenue|profit|brawl stars p2w|p2w|community event|brawl stars community event|p2w community event|money|make more money|money maker|skibidi|gotcha|que pasa wey|Stonks|ROI|more coins please|profit margins|tariffs,1,23000000,4,14,-1.0,-1.8369701987210287e-16,0.0,1.0,1,106,1,1
_O3MUg640rg,세계 최초 아이언 4 e 스포츠 팀 단장 이 되다 이 단장,123404,NoTag,1,225000,4,14,-0.9659258262890684,-0.2588190451025206,0.0,1.0,1,954,0,1
_vF0dniPZXY,키 보드 없이 마인크래프트 깨기 단축키 설정 X,287306,NoTag,0,136000,4,9,-0.9659258262890684,-0.2588190451025206,0.9749279121818236,-0.2225209339563143,1,1263,0,1
w6vCF0DbBsE,OUR FIRST EVER P 2 W COMMUNITY EVENT,8778971,brawl stars|mobile game|mobile strategy game|mobile rpg|mobile battle royale|battle royale|supercell game|revenue|profit|brawl stars p2w|p2w|community event|brawl stars community event|p2w community event|money|make more money|money maker|skibidi|gotcha|que pasa wey|Stonks|ROI|more coins please|profit margins|tariffs,1,23000000,4,14,-1.0,-1.8369701987210287e-16,0.0,1.0,1,106,1,1
_vF0dniPZXY,키 보드 없이 마인크래프트 깨기 단축키 설정 X,292623,NoTag,0,136000,4,9,-0.9659258262890684,-0.2588190451025206,0.9749279121818236,-0.2225209339563143,1,1263,0,1
uRGjeXyx-Fs,브롤 토크 새로운 브 롤러 희귀 도 브롤 스타즈,93571,브롤스타즈|슈퍼셀|브롤|brawlstars|supercell|yt:cc=on,1,622000,4,20,0.0,1.0,-0.7818314824680299,0.6234898018587334,1,735,0,1
x2L9Hfeok4o,포켓몬 이 눕 프로 해커 마다 진화 합니다 마인크래프트 눕 프로 해커,331700,우왁굳|우왕굳|왁두|종합게임|리그오브레전드|스팀게임|쿠소게임|인디게임|배틀그라운드|배그|vr|마인크래프트|마크|vrchat|vr챗|노가리|Minecraft|noop|pro|hacker|noobprohacker|고정멤버|고멤|고멤아카데미|아카데미|유치원|고멤유치원,1,1640000,4,21,1.2246467991473532e-16,-1.0,0.0,1.0,1,1030,0,1
uRGjeXyx-Fs,브롤 토크 새로운 브 롤러 희귀 도 브롤 스타즈,102088,브롤스타즈|슈퍼셀|브롤|brawlstars|supercell|yt:cc=on,1,622000,4,20,0.0,1.0,-0.7818314824680299,0.6234898018587334,1,735,0,1
x2L9Hfeok4o,포켓몬 이 눕 프로 해커 마다 진화 합니다 마인크래프트 눕 프로 해커,381445,우왁굳|우왕굳|왁두|종합게임|리그오브레전드|스팀게임|쿠소게임|인디게임|배틀그라운드|배그|vr|마인크래프트|마크|vrchat|vr챗|노가리|Minecraft|noop|pro|hacker|noobprohacker|고정멤버|고멤|고멤아카데미|아카데미|유치원|고멤유치원,1,1640000,4,21,1.2246467991473532e-16,-1.0,0.0,1.0,1,1030,0,1
hcyHctotTY4,마비노기 모바일 신규 클래스 계열 도적 UPDATE,106426,마비노기 모바일|Mabinogi Mobile,0,48100,4,23,-0.9659258262890684,-0.2588190451025206,0.9749279121818236,-0.2225209339563143,1,180,0,1
hcyHctotTY4,마비노기 모바일 신규 클래스 계열 도적 UPDATE,113997,마비노기 모바일|Mabinogi Mobile,0,48100,4,23,-0.9659258262890684,-0.2588190451025206,0.9749279121818236,-0.2225209339563143,1,180,0,1
UnwOmYjb5gM,시청자 100 명 속 에 잠입 하기 재도전,500069,NoTag,0,483000,4,25,-0.8660254037844385,-0.5000000000000004,-0.433883739117558,-0.9009688679024191,1,2059,1,1
DKCGnxXVSR8,유 퀴즈 온 더 블럭 10 살 딸 이 아빠 한테 학 씨 Hagssi 리믹스 로 국힙 원 탑 등 극한 최대훈 의 웃픈 사연,328309,YOUQUIZONTHEBLOCK|tvN|tvN 예능|강하늘|강하늘 드라마|강하늘 영화|관식이|광수대|금명이|디글|디글 유퀴즈온더블럭|디글 클래식 유퀴즈|디클|마수대|마약 중독|마약 카르텔|마약수사대|마약중독|문소리|박보검|사학루등|상속자들|상속자들 강하늘|아이유|애순 관식|애순이|야당|양관식|유퀴즈|유퀴즈 게스트|유퀴즈 다시보기|유퀴즈 레전드|유퀴즈 몰아보기|유퀴즈 서현진|유퀴즈 유재석|유퀴즈 유재석 조세호|유퀴즈 조세호|유퀴즈 클립|유퀴즈온더블럭|유퀴즈온더블럭 다시보기|유퀴즈온더블럭 레전드|유퀴즈온더블럭 유재석|유퀴즈온더블럭 유재석 조세호|유퀴즈온더블럭 조세호|은명이|중년 관식|최대훈|티빙에서스트리밍|폭싹|폭싹 속았수다|학씨|학씨 리믹스|학씨 아저씨|학씨 자전거,0,5220000,4,24,-0.9659258262890684,0.2588190451025203,0.4338837391175582,-0.900968867902419,1,725,0,1
UnwOmYjb5gM,시청자 100 명 속 에 잠입 하기 재도전,692201,NoTag,0,483000,4,25,-0.8660254037844385,-0.5000000000000004,-0.433883739117558,-0.9009688679024191,1,2059,1,1
5o_QTEjqkak,원 신 5 6 버전 특별 방송,127691,원신|호요버스|5.6|배리|에스코피에|이파|몬드|알베도|키니치|페이몬,0,312000,4,25,-0.7071067811865477,0.7071067811865474,-0.433883739117558,-0.9009688679024191,1,2639,0,1
UnwOmYjb5gM,시청자 100 명 속 에 잠입 하기 재도전,832287,NoTag,0,483000,4,25,-0.8660254037844385,-0.5000000000000004,-0.433883739117558,-0.9009688679024191,1,2059,1,1
5o_QTEjqkak,원 신 5 6 버전 특별 방송,130128,원신|호요버스|5.6|배리|에스코피에|이파|몬드|알베도|키니치|페이몬,0,312000,4,25,-0.7071067811865477,0.7071067811865474,-0.433883739117558,-0.9009688679024191,1,2639,0,1
A4dBbtU0I-Q,팬서비스 해 버릴 거야 이 단장 의 맞춤 잡도리 의 결과 는 이 단장 EP 2,215569,NoTag,1,225000,4,28,-0.9659258262890684,-0.2588190451025206,0.0,1.0,1,971,0,1
JYo5RbyXBIQ,퉁퉁 퉁퉁 퉁퉁 퉁퉁 퉁 사 후르 마인크래프트 눕 프로 해커 이탈리안 브레인 롯 편,354264,우왁굳|우왕굳|왁두|종합게임|리그오브레전드|스팀게임|쿠소게임|인디게임|배틀그라운드|배그|vr|마인크래프트|마크|vrchat|vr챗|노가리|Minecraft|noop|pro|hacker|noobprohacker|고정멤버|고멤|고멤아카데미|아카데미|유치원|고멤유치원,1,1640000,4,28,-1.0,-1.8369701987210287e-16,0.0,1.0,1,1030,0,1
UnwOmYjb5gM,시청자 100 명 속 에 잠입 하기 재도전,944789,NoTag,0,483000,4,25,-0.8660254037844385,-0.5000000000000004,-0.433883739117558,-0.9009688679024191,1,2059,1,1
A4dBbtU0I-Q,팬서비스 해 버릴 거야 이 단장 의 맞춤 잡도리 의 결과 는 이 단장 EP 2,269427,NoTag,1,225000,4,28,-0.9659258262890684,-0.2588190451025206,0.0,1.0,1,971,0,1
UnwOmYjb5gM,시청자 100 명 속 에 잠입 하기 재도전,1037349,NoTag,0,483000,4,25,-0.8660254037844385,-0.5000000000000004,-0.433883739117558,-0.9009688679024191,1,2059,1,1
JYo5RbyXBIQ,퉁퉁 퉁퉁 퉁퉁 퉁퉁 퉁 사 후르 마인크래프트 눕 프로 해커 이탈리안 브레인 롯 편,406740,우왁굳|우왕굳|왁두|종합게임|리그오브레전드|스팀게임|쿠소게임|인디게임|배틀그라운드|배그|vr|마인크래프트|마크|vrchat|vr챗|노가리|Minecraft|noop|pro|hacker|noobprohacker|고정멤버|고멤|고멤아카데미|아카데미|유치원|고멤유치원,1,1640000,4,28,-1.0,-1.8369701987210287e-16,0.0,1.0,1,1030,0,1
A4dBbtU0I-Q,팬서비스 해 버릴 거야 이 단장 의 맞춤 잡도리 의 결과 는 이 단장 EP 2,301827,NoTag,1,225000,4,28,-0.9659258262890684,-0.2588190451025206,0.0,1.0,1,971,0,1
UnwOmYjb5gM,시청자 100 명 속 에 잠입 하기 재도전,1139265,NoTag,0,483000,4,25,-0.8660254037844385,-0.5000000000000004,-0.433883739117558,-0.9009688679024191,1,2059,1,1
UnwOmYjb5gM,시청자 100 명 속 에 잠입 하기 재도전,1215749,NoTag,0,483000,4,25,-0.8660254037844385,-0.5000000000000004,-0.433883739117558,-0.9009688679024191,1,2059,1,1
kDbav6duSzM,열정 과 나태 의 낙원,219477,NoTag,0,394000,5,2,-0.5000000000000004,0.8660254037844384,-0.433883739117558,-0.9009688679024191,1,119,0,1
UnwOmYjb5gM,시청자 100 명 속 에 잠입 하기 재도전,1289623,NoTag,0,483000,4,25,-0.8660254037844385,-0.5000000000000004,-0.433883739117558,-0.9009688679024191,1,2059,1,1
L6i9_QIWJYs,악마 가 가장 달콤한 모습 으로 찾아오기 전 에,186841,NoTag,0,394000,5,2,-0.5000000000000004,0.8660254037844384,-0.433883739117558,-0.9009688679024191,1,112,0,1
kDbav6duSzM,열정 과 나태 의 낙원,264406,NoTag,0,394000,5,2,-0.5000000000000004,0.8660254037844384,-0.433883739117558,-0.9009688679024191,1,119,0,1
UnwOmYjb5gM,시청자 100 명 속 에 잠입 하기 재도전,1357981,NoTag,0,483000,4,25,-0.8660254037844385,-0.5000000000000004,-0.433883739117558,-0.9009688679024191,1,2059,1,1
L6i9_QIWJYs,악마 가 가장 달콤한 모습 으로 찾아오기 전 에,210294,NoTag,0,394000,5,2,-0.5000000000000004,0.8660254037844384,-0.433883739117558,-0.9009688679024191,1,112,0,1
kDbav6duSzM,열정 과 나태 의 낙원,288584,NoTag,0,394000,5,2,-0.5000000000000004,0.8660254037844384,-0.433883739117558,-0.9009688679024191,1,119,0,1
UnwOmYjb5gM,시청자 100 명 속 에 잠입 하기 재도전,1418645,NoTag,0,483000,4,25,-0.8660254037844385,-0.5000000000000004,-0.433883739117558,-0.9009688679024191,1,2059,1,1
kDbav6duSzM,열정 과 나태 의 낙원,298914,NoTag,0,394000,5,2,-0.5000000000000004,0.8660254037844384,-0.433883739117558,-0.9009688679024191,1,119,0,1
L6i9_QIWJYs,악마 가 가장 달콤한 모습 으로 찾아오기 전 에,224448,NoTag,0,394000,5,2,-0.5000000000000004,0.8660254037844384,-0.433883739117558,-0.9009688679024191,1,112,0,1
UnwOmYjb5gM,시청자 100 명 속 에 잠입 하기 재도전,1477561,NoTag,0,483000,4,25,-0.8660254037844385,-0.5000000000000004,-0.433883739117558,-0.9009688679024191,1,2059,1,1
BbU5Esm1Pf8,마인크래프트 하드코어 원 블럭 100일 생존 기,275070,마인크래프트|하드코어|생존|마크|minecraft|야생|마크 야생|마크 생존|마크 하드코어,0,199000,5,5,1.2246467991473532e-16,-1.0,0.0,1.0,1,2057,0,1
VQRLujxTm3c,Grand Theft Auto VI Trailer 2,85275931,Rockstar Games|Grand Theft Auto VI|GTAVI|GTA 6|GTA Six|Grand Theft Auto Six|Grand Theft Auto|GTA|Jason|Jason Duval|Lucia|Lucia Caminos|Vice City|Leonida,1,12500000,5,6,-0.5000000000000004,0.8660254037844384,0.7818314824680298,0.6234898018587336,1,167,1,1
BbU5Esm1Pf8,마인크래프트 하드코어 원 블럭 100일 생존 기,307321,마인크래프트|하드코어|생존|마크|minecraft|야생|마크 야생|마크 생존|마크 하드코어,0,199000,5,5,1.2246467991473532e-16,-1.0,0.0,1.0,1,2057,0,1
mL2iAUKnPwg,라이즈 친구 들 긴장 하지 마 요,383772,카더정원|카더가든,0,1170000,5,8,-0.9659258262890684,0.2588190451025203,0.4338837391175582,-0.900968867902419,1,1414,0,1
VQRLujxTm3c,Grand Theft Auto VI Trailer 2,92935962,Rockstar Games|Grand Theft Auto VI|GTAVI|GTA 6|GTA Six|Grand Theft Auto Six|Grand Theft Auto|GTA|Jason|Jason Duval|Lucia|Lucia Caminos|Vice City|Leonida,1,12500000,5,6,-0.5000000000000004,0.8660254037844384,0.7818314824680298,0.6234898018587336,1,167,1,1
BbU5Esm1Pf8,마인크래프트 하드코어 원 블럭 100일 생존 기,332117,마인크래프트|하드코어|생존|마크|minecraft|야생|마크 야생|마크 생존|마크 하드코어,0,199000,5,5,1.2246467991473532e-16,-1.0,0.0,1.0,1,2057,0,1
mL2iAUKnPwg,라이즈 친구 들 긴장 하지 마 요,520505,카더정원|카더가든,0,1170000,5,8,-0.9659258262890684,0.2588190451025203,0.4338837391175582,-0.900968867902419,1,1414,1,1
VQRLujxTm3c,Grand Theft Auto VI Trailer 2,96818109,Rockstar Games|Grand Theft Auto VI|GTAVI|GTA 6|GTA Six|Grand Theft Auto Six|Grand Theft Auto|GTA|Jason|Jason Duval|Lucia|Lucia Caminos|Vice City|Leonida,1,12500000,5,6,-0.5000000000000004,0.8660254037844384,0.7818314824680298,0.6234898018587336,1,167,1,1
BbU5Esm1Pf8,마인크래프트 하드코어 원 블럭 100일 생존 기,361706,마인크래프트|하드코어|생존|마크|minecraft|야생|마크 야생|마크 생존|마크 하드코어,0,199000,5,5,1.2246467991473532e-16,-1.0,0.0,1.0,1,2057,0,1
f6-lGGN9Zkw,트롤 같은 플레이 로 챌 린 저 학살 하는 남자 전략 적 죽음 장인 초대 석 테스 터훈,223690,테스터훈|게임|game|리그오브레전드|league of legends|장인초대석|초대석|뉴메타|사이온|전략적죽음,0,1430000,5,10,-0.8660254037844386,0.5000000000000001,-0.9749279121818236,-0.2225209339563146,1,2058,0,1
eEpMPbU0ywo,뿅뿅 지 구 오락실 3 이은지 때문 에 시작 했다가 오열 멤버 발생 단체 로 미안하다 사랑 한다 폐인 이 된 지락 실 멤버 들 EarthArcade 3,388310,EarthArcade3|TVING|diggle|ive|ive anyujin. ive yujin|izone|mimi|ohmygirl|ohmygirl mimi|tvN|tvN d ent|yujin|길은지|나PD|나영석|나영석PD|나영석pd|미미|미미 유튜브|뿅뿅지구오락실|뿅뿅지구오락실3|뿅뿅지구오락실다시보기|아이브|아이브 노래|아이브 안유진|아이브 유진|아이브 컴백|아이즈원|아이즈원 안유진|안유진|영지|영지유튜브|오마이걸|오마이걸 노래|오마이걸 미미|유진|이영지|이영지 예능|이은지|이은지 코빅|지구오락실|지구오락실 게임|지구오락실 다시보기|지구오락실 레전드|지락실|지락실 2ne1|지락실 fire|지락실 가요대제전|지락실 게임|지락실 게임모음|지락실 다시보기|지락실 레전드|지락실 미미|지락실 안유진|지락실 영지|지락실 이은지|티비엔레전드|티빙|티빙에서스트리밍|티전드,0,5220000,5,10,-0.8660254037844385,-0.5000000000000004,-0.9749279121818236,-0.2225209339563146,1,1184,0,1
mL2iAUKnPwg,라이즈 친구 들 긴장 하지 마 요,607103,카더정원|카더가든,0,1170000,5,8,-0.9659258262890684,0.2588190451025203,0.4338837391175582,-0.900968867902419,1,1414,1,1
BbU5Esm1Pf8,마인크래프트 하드코어 원 블럭 100일 생존 기,386595,마인크래프트|하드코어|생존|마크|minecraft|야생|마크 야생|마크 생존|마크 하드코어,0,199000,5,5,1.2246467991473532e-16,-1.0,0.0,1.0,1,2057,0,1
f6-lGGN9Zkw,트롤 같은 플레이 로 챌 린 저 학살 하는 남자 전략 적 죽음 장인 초대 석 테스 터훈,297011,테스터훈|게임|game|리그오브레전드|league of legends|장인초대석|초대석|뉴메타|사이온|전략적죽음,0,1430000,5,10,-0.8660254037844386,0.5000000000000001,-0.9749279121818236,-0.2225209339563146,1,2058,0,1
eEpMPbU0ywo,뿅뿅 지 구 오락실 3 이은지 때문 에 시작 했다가 오열 멤버 발생 단체 로 미안하다 사랑 한다 폐인 이 된 지락 실 멤버 들 EarthArcade 3,517131,EarthArcade3|TVING|diggle|ive|ive anyujin. ive yujin|izone|mimi|ohmygirl|ohmygirl mimi|tvN|tvN d ent|yujin|길은지|나PD|나영석|나영석PD|나영석pd|미미|미미 유튜브|뿅뿅지구오락실|뿅뿅지구오락실3|뿅뿅지구오락실다시보기|아이브|아이브 노래|아이브 안유진|아이브 유진|아이브 컴백|아이즈원|아이즈원 안유진|안유진|영지|영지유튜브|오마이걸|오마이걸 노래|오마이걸 미미|유진|이영지|이영지 예능|이은지|이은지 코빅|지구오락실|지구오락실 게임|지구오락실 다시보기|지구오락실 레전드|지락실|지락실 2ne1|지락실 fire|지락실 가요대제전|지락실 게임|지락실 게임모음|지락실 다시보기|지락실 레전드|지락실 미미|지락실 안유진|지락실 영지|지락실 이은지|티비엔레전드|티빙|티빙에서스트리밍|티전드,0,5220000,5,10,-0.8660254037844385,-0.5000000000000004,-0.9749279121818236,-0.2225209339563146,1,1184,1,1
mL2iAUKnPwg,라이즈 친구 들 긴장 하지 마 요,651498,카더정원|카더가든,0,1170000,5,8,-0.9659258262890684,0.2588190451025203,0.4338837391175582,-0.900968867902419,1,1414,1,1
qjgN0uNxZm0,자네 가 스맵 인가 피넛 과 함께한 팀 크리에이터 면접 이 단장 EP 3,258734,NoTag,1,225000,5,12,-0.9659258262890684,-0.2588190451025206,0.0,1.0,1,866,0,1
f6-lGGN9Zkw,트롤 같은 플레이 로 챌 린 저 학살 하는 남자 전략 적 죽음 장인 초대 석 테스 터훈,317332,테스터훈|게임|game|리그오브레전드|league of legends|장인초대석|초대석|뉴메타|사이온|전략적죽음,0,1430000,5,10,-0.8660254037844386,0.5000000000000001,-0.9749279121818236,-0.2225209339563146,1,2058,0,1
5SznExcCNxo,누덕누덕 스타카토 쵸 쵸우 COVER 한국어 ver,193041,잠뜰|쵸쵸우|수현|각별|코아|샌드박스|도도한친구들|게임|재미|병맛|웃긴|귀여운|목소리|액션|미스테리|꿀잼|공포|호러|깜놀|감동|슬픈|뱁새|초초우|쵸우|로블록스|도티|쵸쵸|재밌는게임|탈출맵|타이쿤|시뮬레이터|roblox,0,468000,5,12,-0.9659258262890684,-0.2588190451025206,0.0,1.0,1,251,0,1
qjgN0uNxZm0,자네 가 스맵 인가 피넛 과 함께한 팀 크리에이터 면접 이 단장 EP 3,301592,NoTag,1,225000,5,12,-0.9659258262890684,-0.2588190451025206,0.0,1.0,1,866,0,1
f6-lGGN9Zkw,트롤 같은 플레이 로 챌 린 저 학살 하는 남자 전략 적 죽음 장인 초대 석 테스 터훈,335273,테스터훈|게임|game|리그오브레전드|league of legends|장인초대석|초대석|뉴메타|사이온|전략적죽음,0,1430000,5,10,-0.8660254037844386,0.5000000000000001,-0.9749279121818236,-0.2225209339563146,1,2058,0,1
5SznExcCNxo,누덕누덕 스타카토 쵸 쵸우 COVER 한국어 ver,325947,잠뜰|쵸쵸우|수현|각별|코아|샌드박스|도도한친구들|게임|재미|병맛|웃긴|귀여운|목소리|액션|미스테리|꿀잼|공포|호러|깜놀|감동|슬픈|뱁새|초초우|쵸우|로블록스|도티|쵸쵸|재밌는게임|탈출맵|타이쿤|시뮬레이터|roblox,0,468000,5,12,-0.9659258262890684,-0.2588190451025206,0.0,1.0,1,251,0,1
5SznExcCNxo,누덕누덕 스타카토 쵸 쵸우 COVER 한국어 ver,433458,잠뜰|쵸쵸우|수현|각별|코아|샌드박스|도도한친구들|게임|재미|병맛|웃긴|귀여운|목소리|액션|미스테리|꿀잼|공포|호러|깜놀|감동|슬픈|뱁새|초초우|쵸우|로블록스|도티|쵸쵸|재밌는게임|탈출맵|타이쿤|시뮬레이터|roblox,0,468000,5,12,-0.9659258262890684,-0.2588190451025206,0.0,1.0,1,251,0,1
6Lk0_8IUdF8,4 번째 마카 게 등장 마인크래프트 제 7회 배치 고사,379635,우왁굳|우왕굳|왁두|종합게임|리그오브레전드|스팀게임|쿠소게임|인디게임|배틀그라운드|배그|vr|마인크래프트|마크|vrchat|vr챗|노가리|Minecraft|noop|pro|hacker|noobprohacker|고정멤버|고멤|고멤아카데미|아카데미|유치원|고멤유치원,1,0,5,16,-1.0,-1.8369701987210287e-16,-0.433883739117558,-0.9009688679024191,1,1639,0,1
5SznExcCNxo,누덕누덕 스타카토 쵸 쵸우 COVER 한국어 ver,524566,잠뜰|쵸쵸우|수현|각별|코아|샌드박스|도도한친구들|게임|재미|병맛|웃긴|귀여운|목소리|액션|미스테리|꿀잼|공포|호러|깜놀|감동|슬픈|뱁새|초초우|쵸우|로블록스|도티|쵸쵸|재밌는게임|탈출맵|타이쿤|시뮬레이터|roblox,0,0,5,12,-0.9659258262890684,-0.2588190451025206,0.0,1.0,1,251,1,1
6Lk0_8IUdF8,4 번째 마카 게 등장 마인크래프트 제 7회 배치 고사,473506,우왁굳|우왕굳|왁두|종합게임|리그오브레전드|스팀게임|쿠소게임|인디게임|배틀그라운드|배그|vr|마인크래프트|마크|vrchat|vr챗|노가리|Minecraft|noop|pro|hacker|noobprohacker|고정멤버|고멤|고멤아카데미|아카데미|유치원|고멤유치원,1,0,5,16,-1.0,-1.8369701987210287e-16,-0.433883739117558,-0.9009688679024191,1,1639,0,1
5SznExcCNxo,누덕누덕 스타카토 쵸 쵸우 COVER 한국어 ver,604926,잠뜰|쵸쵸우|수현|각별|코아|샌드박스|도도한친구들|게임|재미|병맛|웃긴|귀여운|목소리|액션|미스테리|꿀잼|공포|호러|깜놀|감동|슬픈|뱁새|초초우|쵸우|로블록스|도티|쵸쵸|재밌는게임|탈출맵|타이쿤|시뮬레이터|roblox,0,0,5,12,-0.9659258262890684,-0.2588190451025206,0.0,1.0,1,251,1,1
j2xpAMRa_so,쿠키 가 이누야샤 가 영 이 였다고,75640,성우남도형|쿠키런성우|성우 정미숙|가영이 성우|이터널 슈가|이터널슈가 쿠키 성우|나미 성우|양파 쿵야|아따아따|쿠킹덤뽑기,0,0,5,18,0.7071067811865476,-0.7071067811865475,-0.7818314824680299,0.6234898018587334,1,785,0,1
6Lk0_8IUdF8,4 번째 마카 게 등장 마인크래프트 제 7회 배치 고사,520700,우왁굳|우왕굳|왁두|종합게임|리그오브레전드|스팀게임|쿠소게임|인디게임|배틀그라운드|배그|vr|마인크래프트|마크|vrchat|vr챗|노가리|Minecraft|noop|pro|hacker|noobprohacker|고정멤버|고멤|고멤아카데미|아카데미|유치원|고멤유치원,1,0,5,16,-1.0,-1.8369701987210287e-16,-0.433883739117558,-0.9009688679024191,1,1639,1,1
6InrlhfurZc,눕 프로 해커 순 으로 안 보고 해커 프로 눕 순 으로 보면 어떻게 될까 마인크래프트 해커 프로 눕,259418,우왁굳|우왕굳|왁두|종합게임|리그오브레전드|스팀게임|쿠소게임|인디게임|배틀그라운드|배그|vr|마인크래프트|마크|vrchat|vr챗|노가리|Minecraft|noop|pro|hacker|noobprohacker|고정멤버|고멤|고멤아카데미|아카데미|유치원|고멤유치원,1,0,5,25,1.2246467991473532e-16,-1.0,-0.7818314824680299,0.6234898018587334,1,1141,0,1
6InrlhfurZc,눕 프로 해커 순 으로 안 보고 해커 프로 눕 순 으로 보면 어떻게 될까 마인크래프트 해커 프로 눕,478133,우왁굳|우왕굳|왁두|종합게임|리그오브레전드|스팀게임|쿠소게임|인디게임|배틀그라운드|배그|vr|마인크래프트|마크|vrchat|vr챗|노가리|Minecraft|noop|pro|hacker|noobprohacker|고정멤버|고멤|고멤아카데미|아카데미|유치원|고멤유치원,1,0,5,25,1.2246467991473532e-16,-1.0,-0.7818314824680299,0.6234898018587334,1,1141,0,1
6InrlhfurZc,눕 프로 해커 순 으로 안 보고 해커 프로 눕 순 으로 보면 어떻게 될까 마인크래프트 해커 프로 눕,562388,우왁굳|우왕굳|왁두|종합게임|리그오브레전드|스팀게임|쿠소게임|인디게임|배틀그라운드|배그|vr|마인크래프트|마크|vrchat|vr챗|노가리|Minecraft|noop|pro|hacker|noobprohacker|고정멤버|고멤|고멤아카데미|아카데미|유치원|고멤유치원,1,0,5,25,1.2246467991473532e-16,-1.0,-0.7818314824680299,0.6234898018587334,1,1141,1,1
6InrlhfurZc,눕 프로 해커 순 으로 안 보고 해커 프로 눕 순 으로 보면 어떻게 될까 마인크래프트 해커 프로 눕,613774,우왁굳|우왕굳|왁두|종합게임|리그오브레전드|스팀게임|쿠소게임|인디게임|배틀그라운드|배그|vr|마인크래프트|마크|vrchat|vr챗|노가리|Minecraft|noop|pro|hacker|noobprohacker|고정멤버|고멤|고멤아카데미|아카데미|유치원|고멤유치원,1,0,5,25,1.2246467991473532e-16,-1.0,-0.7818314824680299,0.6234898018587334,1,1141,1,1
umU23b2p4j0,애니메이션 카제 의 과거 이야기 브롤 스타즈,55226,브롤스타즈|brawlstars|애니메이션|animation|yt=cc:on,1,0,5,28,-0.8660254037844385,-0.5000000000000004,0.9749279121818236,-0.2225209339563143,1,134,0,1
o2XgDY-Sa64,공식 세븐 나이 츠 리 버스 태오 영웅 PV,59994,세븐나이츠|세븐나이츠리버스|세나리버스,0,0,5,28,-0.8660254037844385,-0.5000000000000004,0.9749279121818236,-0.2225209339563143,1,39,0,1
5hYPHMeLeqY,친구 야 아니면,323166,버츄얼|버튜버|치지직,0,0,5,27,1.2246467991473532e-16,-1.0,0.7818314824680298,0.6234898018587336,1,1247,0,1
luEVYQeJ9zM,100만 유튜버 집공개 VLOG,199797,텔론|리그오브레전드|뉴메타|스낵무비|텔론 얼굴공개,0,0,5,28,-0.9659258262890684,-0.2588190451025206,0.9749279121818236,-0.2225209339563143,1,534,0,1
6InrlhfurZc,눕 프로 해커 순 으로 안 보고 해커 프로 눕 순 으로 보면 어떻게 될까 마인크래프트 해커 프로 눕,645997,우왁굳|우왕굳|왁두|종합게임|리그오브레전드|스팀게임|쿠소게임|인디게임|배틀그라운드|배그|vr|마인크래프트|마크|vrchat|vr챗|노가리|Minecraft|noop|pro|hacker|noobprohacker|고정멤버|고멤|고멤아카데미|아카데미|유치원|고멤유치원,1,0,5,25,1.2246467991473532e-16,-1.0,-0.7818314824680299,0.6234898018587334,1,1141,1,1
Y0OrNb7SJx0,아이온 2 게임 플레이 트레일러,142102,아이온2|아이온|아이온투|AION2|AION,0,0,5,29,-0.8660254037844386,0.5000000000000001,0.4338837391175582,-0.900968867902419,1,192,0,1
umU23b2p4j0,애니메이션 카제 의 과거 이야기 브롤 스타즈,77190,브롤스타즈|brawlstars|애니메이션|animation|yt=cc:on,1,0,5,28,-0.8660254037844385,-0.5000000000000004,0.9749279121818236,-0.2225209339563143,1,134,0,1
3W7TKJYmrN4,진짜 행복 은 무엇 일까,207973,NoTag,0,0,5,29,-0.9659258262890684,0.2588190451025203,0.4338837391175582,-0.900968867902419,1,74,0,1
luEVYQeJ9zM,100만 유튜버 집공개 VLOG,240440,텔론|리그오브레전드|뉴메타|스낵무비|텔론 얼굴공개,0,0,5,28,-0.9659258262890684,-0.2588190451025206,0.9749279121818236,-0.2225209339563143,1,534,0,1
5hYPHMeLeqY,친구 야 아니면,335995,버츄얼|버튜버|치지직,0,0,5,27,1.2246467991473532e-16,-1.0,0.7818314824680298,0.6234898018587336,1,1247,0,1
6InrlhfurZc,눕 프로 해커 순 으로 안 보고 해커 프로 눕 순 으로 보면 어떻게 될까 마인크래프트 해커 프로 눕,671960,우왁굳|우왕굳|왁두|종합게임|리그오브레전드|스팀게임|쿠소게임|인디게임|배틀그라운드|배그|vr|마인크래프트|마크|vrchat|vr챗|노가리|Minecraft|noop|pro|hacker|noobprohacker|고정멤버|고멤|고멤아카데미|아카데미|유치원|고멤유치원,1,0,5,25,1.2246467991473532e-16,-1.0,-0.7818314824680299,0.6234898018587334,1,1141,1,1
Y0OrNb7SJx0,아이온 2 게임 플레이 트레일러,169181,아이온2|아이온|아이온투|AION2|AION,0,0,5,29,-0.8660254037844386,0.5000000000000001,0.4338837391175582,-0.900968867902419,1,192,0,1
luEVYQeJ9zM,100만 유튜버 집공개 VLOG,292552,텔론|리그오브레전드|뉴메타|스낵무비|텔론 얼굴공개,0,0,5,28,-0.9659258262890684,-0.2588190451025206,0.9749279121818236,-0.2225209339563143,1,534,0,1
5hYPHMeLeqY,친구 야 아니면,348597,버츄얼|버튜버|치지직,0,0,5,27,1.2246467991473532e-16,-1.0,0.7818314824680298,0.6234898018587336,1,1247,0,1
6InrlhfurZc,눕 프로 해커 순 으로 안 보고 해커 프로 눕 순 으로 보면 어떻게 될까 마인크래프트 해커 프로 눕,702269,우왁굳|우왕굳|왁두|종합게임|리그오브레전드|스팀게임|쿠소게임|인디게임|배틀그라운드|배그|vr|마인크래프트|마크|vrchat|vr챗|노가리|Minecraft|noop|pro|hacker|noobprohacker|고정멤버|고멤|고멤아카데미|아카데미|유치원|고멤유치원,1,0,5,25,1.2246467991473532e-16,-1.0,-0.7818314824680299,0.6234898018587334,1,1141,1,1
luEVYQeJ9zM,100만 유튜버 집공개 VLOG,334147,텔론|리그오브레전드|뉴메타|스낵무비|텔론 얼굴공개,0,0,5,28,-0.9659258262890684,-0.2588190451025206,0.9749279121818236,-0.2225209339563143,1,534,0,1
6InrlhfurZc,눕 프로 해커 순 으로 안 보고 해커 프로 눕 순 으로 보면 어떻게 될까 마인크래프트 해커 프로 눕,730914,우왁굳|우왕굳|왁두|종합게임|리그오브레전드|스팀게임|쿠소게임|인디게임|배틀그라운드|배그|vr|마인크래프트|마크|vrchat|vr챗|노가리|Minecraft|noop|pro|hacker|noobprohacker|고정멤버|고멤|고멤아카데미|아카데미|유치원|고멤유치원,1,0,5,25,1.2246467991473532e-16,-1.0,-0.7818314824680299,0.6234898018587334,1,1141,1,1
5hYPHMeLeqY,친구 야 아니면,358282,버츄얼|버튜버|치지직,0,0,5,27,1.2246467991473532e-16,-1.0,0.7818314824680298,0.6234898018587336,1,1247,0,1
QeCCQAtsPHA,원피스 세계 에서 해적 으로 100일 동안 살아남기 하드코어 100일 생존,245258,마인크래프트|마크|마인크래프트 100일 생존|마크 100일 생존|수박머리 셔니|셔니|마인크래프트 생존기|마인크래프트 원피스 모드|마크 원피스 모드|원피스,1,0,5,31,1.2246467991473532e-16,-1.0,-0.9749279121818236,-0.2225209339563146,1,1657,0,1
QeCCQAtsPHA,원피스 세계 에서 해적 으로 100일 동안 살아남기 하드코어 100일 생존,300382,마인크래프트|마크|마인크래프트 100일 생존|마크 100일 생존|수박머리 셔니|셔니|마인크래프트 생존기|마인크래프트 원피스 모드|마크 원피스 모드|원피스,1,0,5,31,1.2246467991473532e-16,-1.0,-0.9749279121818236,-0.2225209339563146,1,1657,0,1
5DnycKX4rB8,폭발 거인,464267,NoTag,0,0,6,1,-0.4999999999999997,-0.8660254037844388,-0.7818314824680299,0.6234898018587334,1,737,0,1
QeCCQAtsPHA,원피스 세계 에서 해적 으로 100일 동안 살아남기 하드코어 100일 생존,319800,마인크래프트|마크|마인크래프트 100일 생존|마크 100일 생존|수박머리 셔니|셔니|마인크래프트 생존기|마인크래프트 원피스 모드|마크 원피스 모드|원피스,1,0,5,31,1.2246467991473532e-16,-1.0,-0.9749279121818236,-0.2225209339563146,1,1657,0,1
5DnycKX4rB8,폭발 거인,485492,NoTag,0,0,6,1,-0.4999999999999997,-0.8660254037844388,-0.7818314824680299,0.6234898018587334,1,737,0,1
QeCCQAtsPHA,원피스 세계 에서 해적 으로 100일 동안 살아남기 하드코어 100일 생존,332121,마인크래프트|마크|마인크래프트 100일 생존|마크 100일 생존|수박머리 셔니|셔니|마인크래프트 생존기|마인크래프트 원피스 모드|마크 원피스 모드|원피스,1,0,5,31,1.2246467991473532e-16,-1.0,-0.9749279121818236,-0.2225209339563146,1,1657,0,1
EpWeu8C38NM,Brawl Arena Edgar aura farming Brawl Stars Animation,2720510,brawl stars|mobile game|mobile strategy game|mobile battle royale|battle royale|supercell game|moba|league of legends|dota|arena|colette|edgar|griff|colt|shelly|spike,1,0,6,5,-0.5000000000000004,0.8660254037844384,0.4338837391175582,-0.900968867902419,1,89,1,1
5DnycKX4rB8,폭발 거인,502332,NoTag,0,0,6,1,-0.4999999999999997,-0.8660254037844388,-0.7818314824680299,0.6234898018587334,1,737,1,1
QeCCQAtsPHA,원피스 세계 에서 해적 으로 100일 동안 살아남기 하드코어 100일 생존,349839,마인크래프트|마크|마인크래프트 100일 생존|마크 100일 생존|수박머리 셔니|셔니|마인크래프트 생존기|마인크래프트 원피스 모드|마크 원피스 모드|원피스,1,0,5,31,1.2246467991473532e-16,-1.0,-0.9749279121818236,-0.2225209339563146,1,1657,0,1
civTq_t-TN8,스위치 2 대박 체험 회 언박싱 1 세대 비교 까지 싹 다 보여 드립니다,239009,스위치|스위치2|스위치1|동물의숲|모동숲|동숲|언박싱|언빡싱|아오오니|아오니,0,0,6,6,-0.9659258262890684,-0.2588190451025206,-0.433883739117558,-0.9009688679024191,1,782,0,1
EpWeu8C38NM,Brawl Arena Edgar aura farming Brawl Stars Animation,3588278,brawl stars|mobile game|mobile strategy game|mobile battle royale|battle royale|supercell game|moba|league of legends|dota|arena|colette|edgar|griff|colt|shelly|spike,1,0,6,5,-0.5000000000000004,0.8660254037844384,0.4338837391175582,-0.900968867902419,1,89,1,1
5DnycKX4rB8,폭발 거인,516574,NoTag,0,0,6,1,-0.4999999999999997,-0.8660254037844388,-0.7818314824680299,0.6234898018587334,1,737,1,1
QeCCQAtsPHA,원피스 세계 에서 해적 으로 100일 동안 살아남기 하드코어 100일 생존,364606,마인크래프트|마크|마인크래프트 100일 생존|마크 100일 생존|수박머리 셔니|셔니|마인크래프트 생존기|마인크래프트 원피스 모드|마크 원피스 모드|원피스,1,0,5,31,1.2246467991473532e-16,-1.0,-0.9749279121818236,-0.2225209339563146,1,1657,0,1
civTq_t-TN8,스위치 2 대박 체험 회 언박싱 1 세대 비교 까지 싹 다 보여 드립니다,298366,스위치|스위치2|스위치1|동물의숲|모동숲|동숲|언박싱|언빡싱|아오오니|아오니,0,0,6,6,-0.9659258262890684,-0.2588190451025206,-0.433883739117558,-0.9009688679024191,1,782,0,1
EpWeu8C38NM,Brawl Arena Edgar aura farming Brawl Stars Animation,4147780,brawl stars|mobile game|mobile strategy game|mobile battle royale|battle royale|supercell game|moba|league of legends|dota|arena|colette|edgar|griff|colt|shelly|spike,1,0,6,5,-0.5000000000000004,0.8660254037844384,0.4338837391175582,-0.900968867902419,1,89,1,1
5DnycKX4rB8,폭발 거인,528992,NoTag,0,0,6,1,-0.4999999999999997,-0.8660254037844388,-0.7818314824680299,0.6234898018587334,1,737,1,1
EpWeu8C38NM,Brawl Arena Edgar aura farming Brawl Stars Animation,4493402,brawl stars|mobile game|mobile strategy game|mobile battle royale|battle royale|supercell game|moba|league of legends|dota|arena|colette|edgar|griff|colt|shelly|spike,1,0,6,5,-0.5000000000000004,0.8660254037844384,0.4338837391175582,-0.900968867902419,1,89,1,1
civTq_t-TN8,스위치 2 대박 체험 회 언박싱 1 세대 비교 까지 싹 다 보여 드립니다,325674,스위치|스위치2|스위치1|동물의숲|모동숲|동숲|언박싱|언빡싱|아오오니|아오니,0,0,6,6,-0.9659258262890684,-0.2588190451025206,-0.433883739117558,-0.9009688679024191,1,782,0,1
civTq_t-TN8,스위치 2 대박 체험 회 언박싱 1 세대 비교 까지 싹 다 보여 드립니다,342858,스위치|스위치2|스위치1|동물의숲|모동숲|동숲|언박싱|언빡싱|아오오니|아오니,0,0,6,6,-0.9659258262890684,-0.2588190451025206,-0.433883739117558,-0.9009688679024191,1,782,0,1
tD8JaVOzpOE,마비노기 모바일 6월 19일 황야 의 섬광 UPDATE I 신규 클래스 전격 술사,74397,마비노기 모바일|Mabinogi Mobile,0,0,6,11,-0.7071067811865477,0.7071067811865474,0.9749279121818236,-0.2225209339563143,1,79,0,1
Qhm_lEfx2Jo,유 퀴즈 온 더 블럭 이 걸 제 가 해 요 업무 가 폭탄 돌리 기인 박정민 의 2 인 출판사,1020912,YOUQUIZONTHEBLOCK|tvN|tvN 예능|김연경|디글|디글 유퀴즈온더블럭|디글 클래식 유퀴즈|디클|박정민|박정민 고려대|박정민 연기|박정민 유퀴즈|박정민 책|박정민 출판사|박정민 한예종|배구|배구부|오가초|오가초 다큐|오가초 배구|오가초 배구부|유퀴즈|유퀴즈 게스트|유퀴즈 다시보기|유퀴즈 레전드|유퀴즈 몰아보기|유퀴즈 서현진|유퀴즈 유재석|유퀴즈 유재석 조세호|유퀴즈 조세호|유퀴즈 클립|유퀴즈온더블럭|유퀴즈온더블럭 다시보기|유퀴즈온더블럭 레전드|유퀴즈온더블럭 유재석|유퀴즈온더블럭 유재석 조세호|유퀴즈온더블럭 조세호|티빙에서스트리밍|프로 배구,0,0,6,12,-0.9659258262890684,0.2588190451025203,0.4338837391175582,-0.900968867902419,1,1057,1,1
tD8JaVOzpOE,마비노기 모바일 6월 19일 황야 의 섬광 UPDATE I 신규 클래스 전격 술사,82523,마비노기 모바일|Mabinogi Mobile,0,0,6,11,-0.7071067811865477,0.7071067811865474,0.9749279121818236,-0.2225209339563143,1,79,0,1
Qhm_lEfx2Jo,유 퀴즈 온 더 블럭 이 걸 제 가 해 요 업무 가 폭탄 돌리 기인 박정민 의 2 인 출판사,1528810,YOUQUIZONTHEBLOCK|tvN|tvN 예능|김연경|디글|디글 유퀴즈온더블럭|디글 클래식 유퀴즈|디클|박정민|박정민 고려대|박정민 연기|박정민 유퀴즈|박정민 책|박정민 출판사|박정민 한예종|배구|배구부|오가초|오가초 다큐|오가초 배구|오가초 배구부|유퀴즈|유퀴즈 게스트|유퀴즈 다시보기|유퀴즈 레전드|유퀴즈 몰아보기|유퀴즈 서현진|유퀴즈 유재석|유퀴즈 유재석 조세호|유퀴즈 조세호|유퀴즈 클립|유퀴즈온더블럭|유퀴즈온더블럭 다시보기|유퀴즈온더블럭 레전드|유퀴즈온더블럭 유재석|유퀴즈온더블럭 유재석 조세호|유퀴즈온더블럭 조세호|티빙에서스트리밍|프로 배구,0,0,6,12,-0.9659258262890684,0.2588190451025203,0.4338837391175582,-0.900968867902419,1,1057,1,1
Qhm_lEfx2Jo,유 퀴즈 온 더 블럭 이 걸 제 가 해 요 업무 가 폭탄 돌리 기인 박정민 의 2 인 출판사,1864343,YOUQUIZONTHEBLOCK|tvN|tvN 예능|김연경|디글|디글 유퀴즈온더블럭|디글 클래식 유퀴즈|디클|박정민|박정민 고려대|박정민 연기|박정민 유퀴즈|박정민 책|박정민 출판사|박정민 한예종|배구|배구부|오가초|오가초 다큐|오가초 배구|오가초 배구부|유퀴즈|유퀴즈 게스트|유퀴즈 다시보기|유퀴즈 레전드|유퀴즈 몰아보기|유퀴즈 서현진|유퀴즈 유재석|유퀴즈 유재석 조세호|유퀴즈 조세호|유퀴즈 클립|유퀴즈온더블럭|유퀴즈온더블럭 다시보기|유퀴즈온더블럭 레전드|유퀴즈온더블럭 유재석|유퀴즈온더블럭 유재석 조세호|유퀴즈온더블럭 조세호|티빙에서스트리밍|프로 배구,0,0,6,12,-0.9659258262890684,0.2588190451025203,0.4338837391175582,-0.900968867902419,1,1057,1,1
Qhm_lEfx2Jo,유 퀴즈 온 더 블럭 이 걸 제 가 해 요 업무 가 폭탄 돌리 기인 박정민 의 2 인 출판사,2111481,YOUQUIZONTHEBLOCK|tvN|tvN 예능|김연경|디글|디글 유퀴즈온더블럭|디글 클래식 유퀴즈|디클|박정민|박정민 고려대|박정민 연기|박정민 유퀴즈|박정민 책|박정민 출판사|박정민 한예종|배구|배구부|오가초|오가초 다큐|오가초 배구|오가초 배구부|유퀴즈|유퀴즈 게스트|유퀴즈 다시보기|유퀴즈 레전드|유퀴즈 몰아보기|유퀴즈 서현진|유퀴즈 유재석|유퀴즈 유재석 조세호|유퀴즈 조세호|유퀴즈 클립|유퀴즈온더블럭|유퀴즈온더블럭 다시보기|유퀴즈온더블럭 레전드|유퀴즈온더블럭 유재석|유퀴즈온더블럭 유재석 조세호|유퀴즈온더블럭 조세호|티빙에서스트리밍|프로 배구,0,0,6,12,-0.9659258262890684,0.2588190451025203,0.4338837391175582,-0.900968867902419,1,1057,1,1
Qhm_lEfx2Jo,유 퀴즈 온 더 블럭 이 걸 제 가 해 요 업무 가 폭탄 돌리 기인 박정민 의 2 인 출판사,2307463,YOUQUIZONTHEBLOCK|tvN|tvN 예능|김연경|디글|디글 유퀴즈온더블럭|디글 클래식 유퀴즈|디클|박정민|박정민 고려대|박정민 연기|박정민 유퀴즈|박정민 책|박정민 출판사|박정민 한예종|배구|배구부|오가초|오가초 다큐|오가초 배구|오가초 배구부|유퀴즈|유퀴즈 게스트|유퀴즈 다시보기|유퀴즈 레전드|유퀴즈 몰아보기|유퀴즈 서현진|유퀴즈 유재석|유퀴즈 유재석 조세호|유퀴즈 조세호|유퀴즈 클립|유퀴즈온더블럭|유퀴즈온더블럭 다시보기|유퀴즈온더블럭 레전드|유퀴즈온더블럭 유재석|유퀴즈온더블럭 유재석 조세호|유퀴즈온더블럭 조세호|티빙에서스트리밍|프로 배구,0,0,6,12,-0.9659258262890684,0.2588190451025203,0.4338837391175582,-0.900968867902419,1,1057,1,1
Qhm_lEfx2Jo,유 퀴즈 온 더 블럭 이 걸 제 가 해 요 업무 가 폭탄 돌리 기인 박정민 의 2 인 출판사,2420221,YOUQUIZONTHEBLOCK|tvN|tvN 예능|김연경|디글|디글 유퀴즈온더블럭|디글 클래식 유퀴즈|디클|박정민|박정민 고려대|박정민 연기|박정민 유퀴즈|박정민 책|박정민 출판사|박정민 한예종|배구|배구부|오가초|오가초 다큐|오가초 배구|오가초 배구부|유퀴즈|유퀴즈 게스트|유퀴즈 다시보기|유퀴즈 레전드|유퀴즈 몰아보기|유퀴즈 서현진|유퀴즈 유재석|유퀴즈 유재석 조세호|유퀴즈 조세호|유퀴즈 클립|유퀴즈온더블럭|유퀴즈온더블럭 다시보기|유퀴즈온더블럭 레전드|유퀴즈온더블럭 유재석|유퀴즈온더블럭 유재석 조세호|유퀴즈온더블럭 조세호|티빙에서스트리밍|프로 배구,0,0,6,12,-0.9659258262890684,0.2588190451025203,0.4338837391175582,-0.900968867902419,1,1057,1,1
Rhj2B51b_yw,마비노기 모바일 황야 의 섬광 업데이트 미리보기,90322,마비노기 모바일|Mabinogi Mobile,0,0,6,17,-1.0,-1.8369701987210287e-16,0.7818314824680298,0.6234898018587336,1,89,0,1
1t7HX7ugwTQ,Ignite the Fire Within MSI 2025,108768,league of legends|esports|lol esports|league of legends esports|lol esports 2025|league of legends esports 2025|winter split lol|lol esports winter split|lol esports split 1|league of legends gameplay|pro gaming|professional gaming|Lol|league highlights|lol 2025|lol|league|top lolplay|msi|msi 2025|msi Vancouver|league of legends msi|msi canada|msi 25|ignite the fire within|new msi|pro play|pro msi|pro league|msi bc|msi spirit blossom,1,0,6,21,0.0,1.0,-0.9749279121818236,-0.2225209339563146,1,63,0,1
ILxoY0EVhRA,브롤 토크 트로피 진 척도 가 스타 파크 라 고요 브롤 스타즈,51361,브롤스타즈|슈퍼셀|브롤|brawlstars|supercell|yt:cc=on,1,0,6,22,0.0,1.0,-0.7818314824680299,0.6234898018587334,1,646,0,1
1t7HX7ugwTQ,Ignite the Fire Within MSI 2025,126425,league of legends|esports|lol esports|league of legends esports|lol esports 2025|league of legends esports 2025|winter split lol|lol esports winter split|lol esports split 1|league of legends gameplay|pro gaming|professional gaming|Lol|league highlights|lol 2025|lol|league|top lolplay|msi|msi 2025|msi Vancouver|league of legends msi|msi canada|msi 25|ignite the fire within|new msi|pro play|pro msi|pro league|msi bc|msi spirit blossom,1,0,6,21,0.0,1.0,-0.9749279121818236,-0.2225209339563146,1,63,0,1
3R27xKdEm6M,로스트 아크 신규 클래스 발키리 2025 LOA ON SUMMER Official Trailer,137787,로스트아크|LOST ARK|MMORPG|스마일게이트알피지|SmilegateRPG|LOSTARK,0,0,6,21,-0.8660254037844386,0.5000000000000001,-0.9749279121818236,-0.2225209339563146,1,109,0,1
ILxoY0EVhRA,브롤 토크 트로피 진 척도 가 스타 파크 라 고요 브롤 스타즈,61694,브롤스타즈|슈퍼셀|브롤|brawlstars|supercell|yt:cc=on,1,0,6,22,0.0,1.0,-0.7818314824680299,0.6234898018587334,1,646,0,1
qdm5Z6wLYBM,끝나고 롤 할래 말 래 단 장님 티어 가 애매하긴 해 이 단장 EP 5,113740,NoTag,1,0,6,23,-0.9659258262890684,-0.2588190451025206,0.0,1.0,1,896,0,1
fn9XKuPaAus,꽃 의 바램 Feat Hebi 액트 2 PV 티저 2025 시즌 2 영혼 의 꽃 리그 오브 레전드,62017,리그오브레전드|리그 오브 레전드|LoL|Leagueoflegends|League of Legends|Riotgames|라이엇 게임즈|영혼의 꽃|액트2|유나라,0,0,6,23,-1.0,-1.8369701987210287e-16,0.0,1.0,1,29,0,1
3R27xKdEm6M,로스트 아크 신규 클래스 발키리 2025 LOA ON SUMMER Official Trailer,169004,로스트아크|LOST ARK|MMORPG|스마일게이트알피지|SmilegateRPG|LOSTARK,0,0,6,21,-0.8660254037844386,0.5000000000000001,-0.9749279121818236,-0.2225209339563146,1,109,0,1
qdm5Z6wLYBM,끝나고 롤 할래 말 래 단 장님 티어 가 애매하긴 해 이 단장 EP 5,163722,NoTag,1,0,6,23,-0.9659258262890684,-0.2588190451025206,0.0,1.0,1,896,0,1
Hchuy-xrtV0,꽃 의 바램 Feat Hebi 영혼 의 꽃 액트 2 PV 2025 시즌 2 영혼 의 꽃 리그 오브 레전드,174606,리그오브레전드|리그 오브 레전드|LoL|Leagueoflegends|League of Legends|Riotgames|라이엇 게임즈|꽃의 바램|영혼의 꽃|액트2|유나라,1,0,6,25,-1.0,-1.8369701987210287e-16,0.9749279121818236,-0.2225209339563143,1,124,0,1
Hchuy-xrtV0,꽃 의 바램 Feat Hebi 영혼 의 꽃 액트 2 PV 2025 시즌 2 영혼 의 꽃 리그 오브 레전드,311433,리그오브레전드|리그 오브 레전드|LoL|Leagueoflegends|League of Legends|Riotgames|라이엇 게임즈|꽃의 바램|영혼의 꽃|액트2|유나라,1,0,6,25,-1.0,-1.8369701987210287e-16,0.9749279121818236,-0.2225209339563143,1,124,0,1
BmTE8IXKBKk,우결 특집 생방송 에서 나온 폭탄 발언,275719,강지|편집|하이라이트|게임|스트리머|버츄얼|버튜버|virtual|virtuber|스텔라이브|웃긴|재미있는|치지직|김블루|백곰파|우결|고수달|합방|배그,0,0,6,29,-0.4999999999999997,-0.8660254037844388,-0.7818314824680299,0.6234898018587334,1,657,0,1
BmTE8IXKBKk,우결 특집 생방송 에서 나온 폭탄 발언,333519,강지|편집|하이라이트|게임|스트리머|버츄얼|버튜버|virtual|virtuber|스텔라이브|웃긴|재미있는|치지직|김블루|백곰파|우결|고수달|합방|배그,0,0,6,29,-0.4999999999999997,-0.8660254037844388,-0.7818314824680299,0.6234898018587334,1,657,0,1
BmTE8IXKBKk,우결 특집 생방송 에서 나온 폭탄 발언,367237,강지|편집|하이라이트|게임|스트리머|버츄얼|버튜버|virtual|virtuber|스텔라이브|웃긴|재미있는|치지직|김블루|백곰파|우결|고수달|합방|배그,0,0,6,29,-0.4999999999999997,-0.8660254037844388,-0.7818314824680299,0.6234898018587334,1,657,0,1
BmTE8IXKBKk,우결 특집 생방송 에서 나온 폭탄 발언,382080,강지|편집|하이라이트|게임|스트리머|버츄얼|버튜버|virtual|virtuber|스텔라이브|웃긴|재미있는|치지직|김블루|백곰파|우결|고수달|합방|배그,0,0,6,29,-0.4999999999999997,-0.8660254037844388,-0.7818314824680299,0.6234898018587334,1,657,0,1
